ID,USERS
0,Sara
1,Jesús
2,Sara_2
3,Sara_3
4,Álvaro
5,Yenifer
6,Mirian
7,Paula
8,María
9,María de Nieves
10,rocio
11,Candela
12,Soraya
13,Ricardo
14,Alonso
15,Lidia
16,Clara
17,Ana
18,Joaquín
19,VIOLETA
20,David
21,Luis
22,Sonia
23,Gema
24,Angeles
25,Javier
26,Marta
27,Paula_2
28,Beatriz
29,Jim
30,Oscar
31,Silvia
32,Jesús Armand
33,Angel
34,Natalia
35,Mario
36,MARINA
37,Christian
38,Marina
39,Gloria
40,Antía
41,Rosa
42,Virginia
43,Ariadna
44,MARTA
45,Fer
46,Andrea
47,Sacha
48,Sergio
49,Miguel
50,Niko
51,Javier_2
52,Daniel
53,BEATRIZ
54,yolanda
55,Bryan
56,Manuel
57,Úrsula
58,Markos
59,ainho
60,Ruben
61,antonio
62,Juan José
63,Sacha_2
64,Laura
65,DANYEL
66,Claudia
67,Sergio_2
68,Javier_3
69,Irene
70,Jonathan
71,Veronica
72,Daphne
73,Ángel Manuel
74,CRISTINA
75,Sonia_2
76,Oriol
77,Monica
78,Javier_4
79,José Mª
80,jose
81,CAROLINA
82,Juan Antonio
83,Michelle Angela
84,jc
85,MARIBEL
86,Ignacio
87,pedro
88,Leonardo
89,Laura_2
90,Sergio_3
91,Sebastian
92,Jose Francisco
93,Victor
94,Guillermo
95,carlos
96,Ana Marina
97,Raúl
98,Julián
99,nicolas
100,RAFAEL
101,Valentín
102,paulo
103,Jesus
104,MARCOS
105,Enrique
106,Ignacio_2
107,Miguel Angel
108,Natacha
109,Juan
110,Vicent
111,Ines
112,antonio_2
113,Maria
114,Juan_2
115,Jorge
116,Adrian
117,gemma
118,alberto
119,José Mª_2
120,carlos_2
121,VICENTE
122,Damián
123,MERYEL CORDOBA
124,Carlos
125,Manuel_2
126,Francisco Jose
127,jesus
128,MARIA TERESA
129,Javi
130,Enrique_2
131,Alberto
132,Sergio_4
133,Vicente
134,Marco
135,JesÃºs
136,Rocío
137,ANTONIO
138,Sonia_3
139,Miguel Angel_2
140,Sonia_4
141,Pilar
142,oto
143,Arturo
144,Toni
145,Sonia_5
146,Nestor
147,Eloisa
148,jose maria
149,JUAN
150,Luz
151,Elena
152,María de los Ángeles
153,Diego
154,Yenifer_2
155,Jorge_2
156,Itziar
157,Rocío_2
158,Antonio
159,Alberto_2
160,Jo
161,Elena_2
162,juan
163,Tere
164,JUAN CARLOS
165,Cesar
166,jesus_2
167,Gordy
168,Lydia
169,Raticulin
170,Jesica
171,Laura_3
172,Roberto
173,marcos
174,Saúl
175,Lolin
176,Gabi
177,Anselmo
178,Jose Antonio
179,Jose Antonio_2
180,Antonio_2
181,florentina gabriela
182,manuel
183,Joan
184,ESTHER
185,OSCAR
186,raquel
187,Roberto_2
188,Jose A.
189,Manuel_3
190,Xabi
191,antonio_3
192,Alberto_3
193,Hugo
194,Jesus_2
195,joan
196,Víctor
197,Javier_5
198,Dan
199,sergio
200,Jesus_3
201,ROBERTO
202,David_2
203,Sergio_5
204,Alex
205,David_3
206,Cristina
207,Alejandro
208,arancha
209,jaime
210,Jorge_3
211,Rafael Alejandro
212,Ángel
213,MERYEL CORDOBA_2
214,Alfonso
215,Armando
216,Raúl_2
217,Leticia
218,Maribel
219,Pablo
220,Andrea_2
221,Carlos_2
222,Jose Manuel
223,Rafa
224,Fernando
225,Ivan
226,miguel
227,jaime_2
228,Juan francisco
229,Eme
230,Alba
231,nerea
232,Amaia
233,Nuska
234,esther
235,Nerea
236,Begoña
237,Jennifer
238,irene
239,Caterina
240,Manuela
241,esther_2
242,Nerea_2
243,Samara
244,VERÓNICA
245,LAURA MARÍA
246,esther_3
247,Noelia
248,yulema
249,Isabel
250,nuria
251,Yvonne
252,Sheila
253,Carla
254,ALEXANDER
255,javier
256,Jose David
257,Rafael
258,Anamaria Susana
259,Noelia_2
260,Leo
261,Francisco
262,Mireia
263,JOSE ANTONIO
264,Alba_2
265,Fer_2
266,teodoro
267,francisco javier
268,Lunder
269,rene
270,Anna
271,lourdes
272,Virginia_2
273,Beatriz_2
274,Antonio_3
275,Sonia_6
276,noelia
277,bobtoni
278,eva
279,Sergi
280,jordi
281,Consuelo
282,Nieves
283,Juan francisco_2
284,cristina
285,javier_2
286,libertad
287,Francisco_2
288,miram
289,samuel
290,Xinita
291,Carlota
292,maria teresa
293,ivan
294,maria
295,Cristina_2
296,maria teresa_2
297,arancha_2
298,Ana_2
299,Alicia
300,arancha_3
301,JAVI
302,esther_4
303,M Carmen
304,Fer_3
305,arancha_4
306,Nuria
307,abel
308,libe
309,BUSCADOR
310,JOSE ANTONIO_2
311,Tamara
312,carles
313,Nuria_2
314,Iria
315,Ana Isabel
316,Marc
317,mar
318,Ana_3
319,Norka
320,Fer_4
321,Jefa
322,maria teresa_3
323,Nona84
324,Toñi
325,arancha_5
326,Laura_4
327,Estela
328,Carolina
329,Fernando_2
330,arancha_6
331,anónimo
332,andres
333,carmen
334,Miriam
335,pastora
336,cojito juguetón
337,Francisco Javier
338,Fernando_3
339,Ana_4
340,alejandra
341,oscar
342,alejandra_2
343,Marina_2
344,Mónica
345,Yaroslava
346,Sandra
347,ruben
348,RUBEN
349,Pedro
350,Aitor
351,Cristóbal
352,jose antonio
353,Ferran
354,Jaime
355,YASMINA
356,Meri
357,luis ernesto
358,Helena
359,Alvaro
360,Carmen
361,Lucía
362,SARA
363,Santi
364,Carla_2
365,David_4
366,Meri_2
367,Jesús_2
368,Jose Enrique
369,Carla_3
370,Patricia
371,Patricia_2
372,Eva
373,German
374,África
375,Melania
376,Iván
377,Raquel
378,JAVIER
379,Juan Rafael
380,Miguel_2
381,Miguel_3
382,Esther
383,amaya
384,Joana
385,David_5
386,Alexandru
387,Adolfo
388,DAVID
389,Miguel_4
390,Alejandro_2
391,Marcello
392,marco
393,maria jesus
394,Alejandra
395,Cristian
396,Alonso_2
397,Marta_2
398,Noemi
399,Patricia_3
400,Maria_2
401,Lucía_2
402,Esther_2
403,Marta_3
404,Ricardo_2
405,Jesús_3
406,Nerea_3
407,Leire
408,anna
409,Miriam_2
410,Juan Manuel
411,Leire_2
412,Lorea
413,Lorena
414,MIGUEL ANGEL
415,José
416,Elvira
417,Lydia_2
418,rafael
419,Juan Ignacio
420,Juan Manuel_2
421,LAURA
422,Mercedes
423,Monse
424,Moge
425,Álvaro Javier
426,Lupe
427,RICARDO
428,Júlia
429,Rebeca
430,Carol
431,Nerea_4
432,Roser
433,rosa ana
434,jose luis
435,Sandra_2
436,Maurici
437,Blanca
438,Maria_3
439,Koldo
440,Rosario
441,paula
442,Pablo_2
443,ERIC
444,Karen
445,Tomabel
446,Anónima
447,Jose
448,Silvia_2
449,Aday
450,Patricia_4
451,Germán
452,Florencia
453,Jessica
454,brujita
455,Mar
456,Leon
457,Martin
458,Abigail
459,Patricia_5
460,JAVIER_2
461,Adrián
462,Salvador
463,VICTOR
464,SEILA
465,Jose_2
466,reyes
467,Roser_2
468,frambuesa
469,Marta_4
470,Raul
471,David_6
472,Domingo
473,Vanessa
474,Lorena_2
475,Sandra_3
476,Jose_3
477,Marta_5
478,Rubén
479,Francisco_3
480,Rubén_2
481,Sara_4
482,FATIMA
483,DAVID_2
484,Mimi
485,Sandra_4
486,Jaume
487,Marta_6
488,Guillermo_2
489,José Manuel
490,Maria_4
491,silvia
492,Cliente
493,Dani
494,Rubén_3
495,Oscar_2
496,Albert
497,Patricia_6
498,Ander
499,Anna_2
500,Pablo_3
501,Cristian_2
502,raul
503,Daniel_2
504,JUAN MANUEL
505,Iván_2
506,Ramon
507,Mar_2
508,Lui alonso
509,Jaroslaw
510,Rubén_4
511,Mister
512,Andrea_3
513,Eduard
514,LUIS
515,TOMAS
516,JESUS
517,Ruth
518,Marina_3
519,teresa
520,Alejandra_2
521,carlos_3
522,DAVID_3
523,Robrto
524,CIRIACO
525,Maria_5
526,Isa
527,Marta_7
528,Alejandra_3
529,sara lomas
530,MANUEL
531,Yaiza
532,ANTONIO MIGUEL
533,Lorena_3
534,rodrigo
535,Josefa
536,Robrto_2
537,victoria
538,Patricia_7
539,Acuática
540,Diego_2
541,Damian
542,Pitu
543,Ooa
544,PAZ
545,Jesús María
546,MIGUEL ANGEL_2
547,Bruno
548,ivan_2
549,Andreea Bianca
550,Juan Abel
551,Alicia_2
552,santiago
553,Alvaro_2
554,Jose A
555,David_7
556,Jesús_4
557,Eduard_2
558,FRANCISCO
559,Nico44
560,Gonzalo
561,Hugo José
562,Raquel_2
563,María José
564,Marc_2
565,ALBERT
566,Sara_5
567,Borja
568,cristina_2
569,MAIA
570,Eva_2
571,Lorena_4
572,Rubén_5
573,victor
574,marisol
575,Alejandro_3
576,margarita
577,Oscar_3
578,José Manuel_2
579,Jose_4
580,nerea_2
581,Francisco Javier_2
582,DAVID_4
583,cristina_3
584,Naiara
585,Jyan
586,angel
587,Carlos_3
588,Jose_5
589,Montserrat
590,raul_2
591,Jonatan
592,Jenny
593,fernando
594,Jose_6
595,SILVIA
596,Rafael_2
597,eva rosa
598,Laura_5
599,Inmaculada
600,Ion
601,Tomás
602,Tripi
603,fernando_2
604,Elisa
605,Oli
606,Eva_3
607,Pedro_2
608,César
609,TEODORO
610,paula_2
611,raul_3
612,Alice
613,vicente
614,David_8
615,BDSM
616,Marc_3
617,raul_4
618,esther_5
619,Yolanda
620,Alicia_3
621,jose_2
622,Juan Jose
623,Carlos_4
624,Daniel_3
625,DOLORES MARIA
626,Alonso_3
627,jesus manuel
628,Carlos_5
629,Juan_3
630,maria jesus_2
631,Carlos_6
632,Irene_2
633,Atenea
634,Javier_6
635,Carlos_7
636,Jaroslaw_2
637,Ismael
638,Antonio_4
639,Iria_2
640,Miguel_5
641,DAVID_5
642,Llucia
643,Antonio_5
644,Alvaro Alejandro
645,José_2
646,Alexandra
647,Vicenta
648,Jesus Pedro
649,Andrea_4
650,Oscar_4
651,Sara_6
652,Cristina_3
653,libe_2
654,Moisés
655,Llucia_2
656,Amalia
657,Laura_6
658,Sex- tattoo
659,laura
660,Juan Carlos
661,PATRICIA
662,libe_3
663,Laura_7
664,Raquel_3
665,Ainhoa
666,Karla
667,Raquel_4
668,Javier_7
669,Raquel_5
670,César_2
671,David_9
672,Evelin
673,JOSE MANUEL
674,marina
675,victor_2
676,cristinaa
677,Abraham
678,Ernest
679,Lara
680,JORGE
681,Ainoa
682,Carlos_8
683,Estela_2
684,yomismo
685,frambuesa_2
686,Esteban
687,Raul_2
688,sara
689,María_2
690,David_10
691,Capitán Pingüino
692,Jesús_5
693,Esteban_2
694,Alberto_4
695,Kyara
696,JAVIER_3
697,javier_3
698,Aida
699,Shur
700,Iria_3
701,Marta_8
702,Laura_8
703,Manuel_4
704,emilio
705,Cristina_4
706,Juan_4
707,Anaïs
708,Belen
709,Paulino
710,SARA_2
711,Doll
712,Magda
713,Laura_9
714,Daniel_4
715,patricia
716,LARA
717,Raquel_6
718,alejandro
719,juan jose
720,BENJAMIN
721,L.
722,Llorenç
723,Raul_3
724,david
725,Marc_4
726,Montse
727,Aroa
728,Cristina_5
729,Maria Fe
730,yoana
731,javi
732,Carlota_2
733,Erica
734,Juan_5
735,Laura_10
736,Carlota_3
737,Sandra_5
738,Estela_3
739,Marta_9
740,pilar
741,ali
742,jonathan
743,Ana María
744,Fran
745,Miguel_6
746,FRANCISCO_2
747,Silvia_3
748,Manuela_2
749,Sara_7
750,jasp
751,Cristina_6
752,Juan Jesus
753,Elena_3
754,Felipe
755,Rossi
756,Noa
757,JULIA
758,marta
759,Michael
760,Gabriel
761,Gabriel_2
762,Almudena
763,andrea
764,Sasha
765,andrea_2
766,Elisabet
767,Jose Javier
768,Roberto Javier
769,Hecdali
770,Emma
771,Eugenio
772,José Ramón
773,Juan Francisco
774,Julio
775,Nicolás
776,Melissa
777,José Luis
778,BORJA
779,Teresa
780,Myriam
781,Niome
782,Theo
783,Pilar_2
784,Arancha
785,Maria Jose
786,Amanda
787,Rosana
788,Alfredo
789,Elba
790,ACM
791,Yago
792,Victoria
793,Axel
794,Antonio Marcos
795,Christelle
796,Vanesa
797,Vanesa_2
798,ALFONSO
799,Felicio
800,Estibaliz
801,Luis Carlos
802,Francesc
803,Antonio Jose
804,JOAN RAMON
805,Barney
806,Lucas
807,Eli
808,Vitalie
809,Luis_2
810,Ramón
811,Lu
812,Anne
813,Jazmin
814,Robert
815,Víctor_2
816,Maria jesus
817,garbiñe
818,Maria jesus_2
819,Jose & María
820,Lucia
821,Marts
822,Belén
823,Tania
824,Loli
825,Anonimo
826,Diego fernando
827,Verónica
828,RODOLFO JORGE
829,JOSE LUIS
830,Julieta
831,Santiago
832,Ivet
833,Mery
834,Ana Isabel_2
835,Eduardo
836,Susana
837,Susana_2
838,Jordi
839,gerardo
840,C01
841,Ivet_2
842,Guillem
843,jordi_2
844,Anabel
845,isabel
846,Hector
847,VERONICA
848,jose manuel
849,Inés
850,Gatita Celosa
851,Pana
852,Juan Luis
853,eva isabel
854,Isabel_2
855,xx
856,Angela
857,Andres
858,PEDRO
859,Riina Maria
860,Encarna
861,thania
862,Adán
863,Samira
864,Mª José
865,Maria Pilar
866,Zuriñe
867,Mr
868,María Jesús
869,Antonio_6
870,antuan
871,Carlos L.
872,Jonathan_2
873,Gabriela
874,Piscis
875,José María
876,Albert_2
877,Albert_3
878,Marcel
879,Giulia
880,Marisa
881,pkyra
882,francisco
883,
884,Maider
885,Carlos L._2
886,alberto_2
887,Raül
888,Eider
889,daniel
890,enrica
891,mª isabel
892,patricia_2
893,Ana_5
894,frambuesa_3
895,Javi_2
896,Ainara
897,diana
898,Jon Ander
899,Miguel Ángel
900,john
901,roberto
902,ruben_2
903,Antonio Francisco
904,Xabier
905,IVAN
906,Julia
907,María_3
908,María_4
909,Arnau
910,Mariola
911,Patidifusa
912,Paloma
913,Bernardo
914,Anónimo
915,tomas
916,EMILIA
917,leticia
918,octavio
919,Julian
920,Maria Elena
921,Nicolas
922,Javiet
923,José Ramón_2
924,Julian_2
925,Georgina
926,Dario
927,Alessandro
928,Tom
929,luis
930,alexis
931,Mª ANGELES
932,Anto
933,jorge
934,Paloma Azucena
935,Corina
936,Adrian_2
937,Eloy
938,Bárbara
939,jeronimo
940,Romeo
941,reyes_2
942,Gaby
943,Bárbara_2
944,Andreas
945,Alexander
946,Carmelo
947,eva isabel_2
948,Victor_2
949,marga
950,Valerio
951,Ramon_2
952,Gregorio
953,Diego Martínez
954,Alejo
955,MBcn
956,Huberto
957,Francisco_4
958,Julian_3
959,RM- Francés
960,snowz
961,Freya
962,Saray
963,Adrian_3
964,Rex
965,Ohiane
966,Mario_2
967,dafne
968,Xavier
969,Francisco_5
970,libertad_2
971,ELENA
972,pablo
973,Ramon_3
974,sergio_2
975,Nora
976,Jj
977,Daniel_5
978,jonatan
979,Daniel_6
980,Alejandro_4
981,dafne_2
982,susana
983,Parejita
984,Ivan_2
985,ÁLEX
986,Rogelio
987,amantis
988,Leyre
989,Juan R
990,Fran Muñoz
991,Neusa
992,Rodrigo
993,Iris
994,Daniela
995,Angélica
996,veronica
997,Ber
998,Gabino
999,Pedro juan
1000,MARIA
1001,Olaya
1002,Ramón_2
1003,Rodolfo
1004,Merche
1005,Roberto Javier_2
1006,Nuria_3
1007,Matteo
1008,Eric
1009,ANA
1010,Monica_2
1011,Melany
1012,benedetta
1013,Pere
1014,adriana
1015,Luna
1016,Ramón_3
1017,Estefanía
1018,amaia
1019,ipfg
1020,Judith
1021,Juan Pedro
1022,Rakel
1023,Jaime_2
1024,Jaime_3
1025,Jaime_4
1026,Jaime_5
1027,Jaime_6
1028,María Teresa
1029,Steven
1030,Gaizka
1031,CARO
1032,mercedes
1033,Ale
1034,Bet
1035,Glòria
1036,Fleep
1037,Lili
1038,Luis Fernando
1039,Bisexmadrid
1040,Jose Miguel
1041,NEREA
1042,Yasmin
1043,Melania_2
1044,Esperanza
1045,j.r.d.
1046,Judit
1047,Cliente_2
1048,Cliente_3
1049,Silviu Stelian
1050,RITA
1051,Cristobal
1052,Irene_3
1053,Luis_3
1054,Lulu
1055,beatriz
1056,Tomas
1057,JESÚS
1058,José Gabriel
1059,ORIOL
1060,Luisa
1061,Miguel_7
1062,Maxim
1063,Alberto M
1064,mariano
1065,MIGUEL
1066,respuesta de amantis para tomás
1067,Tomas_2
1068,Hector_2
1069,Mª Carmen
1070,DOMINGO
1071,camilo
1072,nena
1073,Novato
1074,EyJ
1075,Pol
1076,Manolo
1077,Pol_2
1078,Angel Manuel
1079,alba
1080,iria
1081,Rocio
1082,sushi
1083,Irene_4
1084,Veronica  y Sergio
1085,Rocio_2
1086,MariJose
1087,Marco Antonio
1088,Nosferatu
1089,Alan
1090,Lana
1091,Jac
1092,Aranzazu
1093,Marcela
1094,GREGORIO ANTONIO
1095,sonia
1096,Ioan
1097,Ernesto
1098,María C.
1099,Diana Maria
1100,Jesús Angel
1101,Teseo
1102,Gloria Maria
1103,Omar
1104,Agustin
1105,Lorenzo
1106,Dante
1107,Inmita
1108,Celia
1109,José Miguel
1110,Luis Antonio
1111,Aleix
1112,Josep
1113,juan miguel
1114,Juanjose
1115,Blue Dragon
1116,sabrina
1117,Giorgia
1118,Hel
1119,jose ramon
1120,cris
1121,Ignasi
1122,Nuno
1123,leo
1124,soraya
1125,Markin
1126,Héctor
1127,CARLOS
1128,Mauilo
1129,angelica
1130,Adriana
1131,Naim
1132,clemente
1133,Paula_3
1134,Ester
1135,Yaiza_2
1136,Humberto
1137,cynthia
1138,salvador
1139,Luis Alberto
1140,JechakL
1141,Ibex
1142,Quique
1143,Moon
1144,NATALIA
1145,NÚRIA
1146,José Daniel
1147,VIRGINIA
1148,Juan carlos
1149,herney
1150,Apolonia
1151,juan carlos
1152,BENI
1153,Zamyra
1154,Sarah
1155,AXEL
1156,SViolet
1157,Milena
1158,Alfonso_2
1159,ANNA
1160,SERGIO
1161,Luismy
1162,RAFAELA
1163,ALEXANDER_2
1164,Maximiliano
1165,Adrià
1166,LORENA
1167,Camilo
1168,MARCO ANTONIO
1169,Álvaro_2
1170,Dolores
1171,Valentín_2
1172,ismael
1173,Liliana
1174,Coral
1175,María del Mar
1176,Iulian
1177,Skylär
1178,Imanol
1179,Lluis
1180,Lena
1181,Marcos
1182,Javier Jesús
1183,Ane
1184,Anna Maria
1185,yolanda_2
1186,Kevin
1187,Jorge Manuel
1188,miquel
1189,teresa_2
1190,Llorenç_2
1191,Alejandro_5
1192,ANGELA
1193,natalio
1194,J.Javier
1195,Roberto_3
1196,paula_3
1197,Victor Manuel
1198,Bny
1199,Diego_3
1200,bella galilea
1201,Enrique_3
1202,Roberto_4
1203,Nicoleta Amelia
1204,Alejandro_6
1205,JOSE
1206,Juan Pablo
1207,diego
1208,Angelina
1209,Joaquin
1210,lorena
1211,Darling
1212,Miguel Ángel_2
1213,Llorenç_3
1214,carla
1215,Nelia
1216,Juan G.
1217,ruben_3
1218,MÓNICA
1219,Olivia
1220,Jose21
1221,lulu
1222,nan_2
1223,Chris
1224,Erre
1225,Rai
1226,Maria jose
1227,Adhara
1228,DANIEL
1229,Ginés
1230,Juan Ramón
1231,Paola
1232,Francisco Manuel
1233,EDUARDO
1234,Gloria_2
1235,Lucifer
1236,Valeriano
1237,Gisela
1238,natalia
1239,Zaida
1240,JOSE ANTONIO_3
1241,JOSE RAMON
1242,rafa
1243,John Steven
1244,Maria Elena_2
1245,Míriam
1246,BC
1247,Juanjo
1248,Lola
1249,ANDREU
1250,Ángela
1251,Raimundo
1252,César Augusto
1253,Patricio
1254,Florin
1255,Josefina
1256,sofia
1257,ALY
1258,Inma
1259,Mr.ASDFG
1260,alfonso
1261,Aaron
1262,Coldril
1263,noemi
1264,Steven_2
1265,Julián_2
1266,Jonatan_2
1267,Ricardo_3
1268,León
1269,celia
1270,Leandro
1271,Hiria
1272,Hugo_2
1273,Iratxe
1274,jose ignacio
1275,Miss
1276,Juan Carlos_2
1277,Lourdes
1278,DANIEL_2
1279,Manuel Angel
1280,Grillo
1281,Grillo_2
1282,Jose David_2
1283,Jose David_3
1284,Sonia_7
1285,Jorge Andrés
1286,Paula_4
1287,Gregorio_2
1288,Eduardo_2
1289,Lia
1290,Luis Miguel
1291,Beatriz_3
1292,Ruben_2
1293,Sonia_8
1294,Jose Angel
1295,Lucia_2
1296,Beatriz_4
1297,Samuel
1298,Ruben_3
1299,Fco.Luis
1300,Parejita mimosa
1301,urquijo
1302,Jose David_4
1303,Sisi
1304,JOSE CARLOS
1305,Pau
1306,ROCIO
1307,Jorge_4
1308,Hugo_3
1309,Julio_2
1310,Alba_3
1311,Juan_6
1312,Beatriz_5
1313,Aberto
1314,Virginia_3
1315,JOSE ANGEL
1316,Nicolás_2
1317,Virginia_4
1318,Maria Nieves
1319,Rafael Alejandro_2
1320,Gema_2
1321,Jaume_2
1322,Javi_3
1323,blanca
1324,Isabel María
1325,Alejandro_7
1326,ruben_4
1327,acido
1328,Ivan_3
1329,Joanan
1330,Julio_3
1331,Kelly
1332,nestor
1333,JUAN JOSE
1334,Juan M
1335,Thor
1336,Alexi
1337,Eider_2
1338,DOMINGO_2
1339,Oli_2
1340,Isabel María_2
1341,An
1342,Jesuki
1343,KitKat
1344,amg
1345,nefles
1346,CRISTINA_2
1347,Juan_7
1348,Arándano
1349,Erato
1350,Roquefort
1351,ana belen
1352,Jorge_5
1353,Manu
1354,Erato_2
1355,Miguel Ángel_3
1356,Antoni
1357,pocholada
1358,Hugo_4
1359,dacota
1360,Goloso
1361,Maria del Carmen
1362,Magda_2
1363,Gustavo
1364,Cintia
1365,Dária
1366,Meritxell
1367,Loli_2
1368,Carmen_2
1369,Cris
1370,Vanessa_2
1371,Ginny
1372,L04
1373,gema
1374,gema_2
1375,MARLENE
1376,Kenny
1377,Fatima
1378,Allyson
1379,Matilde
1380,Matilde_2
1381,Noemí
1382,Janire
1383,Maria_6
1384,Carmen_3
1385,Francesca
1386,Francesca_2
1387,adriana_2
1388,Beatriz_6
1389,carlos_4
1390,MILAGROS
1391,Jacobo
1392,Elena_4
1393,Maria_7
1394,Maria_8
1395,Maria_9
1396,Tamara_2
1397,Jordi_2
1398,Beatriz_7
1399,Leo_2
1400,Benigno
1401,Jose Antonio_3
1402,esther_6
1403,Natalia_2
1404,soraya_2
1405,Angie
1406,Rosa María
1407,Monica_3
1408,R Juan
1409,Adrián_2
1410,teresa_3
1411,Virginia_5
1412,Jessica_2
1413,teresa_4
1414,reyes_3
1415,Jose Luis
1416,Xavi
1417,Yvonne_2
1418,Carmelo_2
1419,Iris_2
1420,Diego_4
1421,JUAN CARLOS_2
1422,Ana_6
1423,CESAR
1424,Leyre_2
1425,Cristina_7
1426,Lea
1427,Sandra_6
1428,cesar
1429,Cristina_8
1430,Diana
1431,Cristina_9
1432,Cristina_10
1433,Nano
1434,gelu
1435,CARLOS_2
1436,javier_4
1437,Cristina_11
1438,Felix
1439,Zoraida
1440,Natalia_3
1441,Cristina_12
1442,Natalia_4
1443,Natalia_5
1444,noraa
1445,Francisco_6
1446,hugo
1447,Cyncan
1448,javier_5
1449,Javier_8
1450,Francisco_7
1451,Francisco_8
1452,Ana_7
1453,ana
1454,Cristina_13
1455,Celia_2
1456,Ruben_4
1457,Saray_2
1458,Mónica_2
1459,Alice_2
1460,Alice_3
1461,Ana_8
1462,Vicente_2
1463,Jose Manuel_2
1464,Ismael_2
1465,carolina
1466,Ana_9
1467,SilverSurfer
1468,javier_6
1469,Sandra_7
1470,Adi
1471,Claudia_2
1472,JV
1473,María_5
1474,FRANCISCO JOSÉ
1475,monica
1476,Elisabeth
1477,Eduard_3
1478,Mónica_3
1479,kacho
1480,Javier_9
1481,carlos_5
1482,bbbbb
1483,Sandra_8
1484,Mariano
1485,Antonio_7
1486,Clara_2
1487,juan_2
1488,alix
1489,Maria_10
1490,Mariano_2
1491,monica_2
1492,Rocio_3
1493,Fco. Javier
1494,curro
1495,Cecilia
1496,Topema
1497,Sílvi
1498,vanessa
1499,Jonay
1500,Loreto
1501,Nagore
1502,Sebastián
1503,virgilio
1504,Francisco Javier_3
1505,Pareja de mujeres
1506,Hielo y Fuego
1507,gloriva
1508,Isabel_3
1509,Pedro_3
1510,saul
1511,Jesús Olmedo
1512,miguel angel
1513,luisa fernanda
1514,Victor_3
1515,RAMON
1516,JOSE MARÍA
1517,Miguel angel
1518,Mikel
1519,DIEGO
1520,Santiago_2
1521,Sarai
1522,MeryelCordoba
1523,JESUS_2
1524,Alexia
1525,Helena_2
1526,Mina
1527,Lucía_3
1528,ricardo
1529,miriam
1530,Ángela_2
1531,Maria Catalina
1532,Ingrid
1533,Ignacio_3
1534,agus
1535,Ana Belén
1536,Francisco José
1537,David Esteban
1538,ALVARO
1539,Pareja Feliz
1540,ANA MARIA
1541,Isidro
1542,herminio
1543,Pili
1544,herminio_2
1545,ima
1546,Nacho
1547,Araceli
1548,Araceli_2
1549,MARÍA
1550,david_2
1551,Cyn
1552,PILAR
1553,felix
1554,luis daniel
1555,Isaac
1556,Arnold
1557,jimena
1558,Christina
1559,Emilia
1560,Agustín
1561,Anais
1562,Vera
1563,José Andres
1564,TONI
1565,Jose carlos
1566,MELTEM
1567,Yo
1568,hector
1569,Ainhoa Maria
1570,Elisenda
1571,esteban
1572,fivi
1573,Dani_2
1574,Lilian
1575,Pascual
1576,Miguel Á.
1577,Ptti
1578,Cecy
1579,Oihane
1580,Amal
1581,Maria florencia
1582,Vip
1583,Ken
1584,Mary
1585,Jack
1586,Ana Mª
1587,Hermita
1588,Excelente
1589,Lanena
1590,Mir
1591,Máximo
1592,Passi
1593,JUAN ALFONSO
1594,Laia
1595,P.
1596,Peio
1597,ilda
1598,candy nube
1599,Barbara
1600,barby2122
1601,jana
1602,Andrea Loreto
1603,jduckgs
1604,Henona
1605,Franco
1606,ALEX
1607,Iñaki
1608,sarita
1609,Tinno19
1610,rachel
1611,Sherezade
1612,Joana_2
1613,Leslie
1614,Ana M.
1615,Fátima
1616,luis angel
1617,Gerardo amante
1618,Nighto
1619,MARIA JOSE
1620,Pakete
1621,bea
1622,Marco_2
1623,Enric
1624,Iona
1625,Brais
1626,Katherine Herrera
1627,MARIA ELENA
1628,Salomé
1629,Bryan_2
1630,Esther_3
1631,TOMAS_2
1632,Iker
1633,Diana_2
1634,Angel_2
1635,Adolfo_2
1636,Tania_2
1637,CECILIA
1638,José angel
1639,irene_2
1640,Esther_4
1641,Marina_4
1642,NIEVES
1643,Esther_5
1644,Carolina_2
1645,Alberto_5
1646,elena
1647,Jesus_4
1648,Alberto_6
1649,juan manuel
1650,Carolina_3
1651,Juan Miguel
1652,Cristina_14
1653,Cristina_15
1654,Esther_6
1655,LUCIA
1656,ari
1657,maria_2
1658,Gali
1659,Cristina_16
1660,maria b
1661,Pablo_4
1662,Juliana
1663,Aitor_2
1664,Bea
1665,ALONSO
1666,Purificación
1667,Ricardo_4
1668,joseba
1669,Gonzalo_2
1670,Grillo_3
1671,BOB
1672,Varvara
1673,Luis Jesús
1674,benjamin
1675,bob
1676,LEXION
1677,Luispt
1678,jm
1679,manuel_2
1680,María Laura
1681,Damián_2
1682,juan pedro
1683,LOAN
1684,marc
1685,Mari Mar
1686,CLEMENTE
1687,Marcelino
1688,Maria del Mar
1689,MARIA DEL ROSARIO
1690,S.
1691,Xinita_2
1692,gay-anonimo
1693,Aran
1694,Veronica_2
1695,flipain
1696,juanma
1697,Ángel_2
1698,José Mª_3
1699,Juan Miguel_2
1700,Nina
1701,Lara_2
1702,TANIA
1703,Asturiano
1704,Masaje
1705,Lucien
1706,Arkaitz
1707,RA
1708,FERNANDO
1709,JA
1710,Juan Carlos_3
1711,Super Dog
1712,julian ruiz
1713,Fresita
1714,lucia
1715,Núria
1716,Yeray
1717,Jose Maria
1718,Iulian Marius
1719,Yolanda Inmaculada
1720,María del Prado
1721,Fermin
1722,Reyes
1723,Julien
1724,José Antonio
1725,Artur
1726,Jéssica
1727,io
1728,Jose Martin
1729,Luz_2
1730,marco antonio
1731,idar
1732,anonima
1733,Eva María
1734,Lanister
1735,Anthony
1736,eric
1737,Yessica
1738,esthela
1739,Nahia
1740,Catalina
1741,merari
1742,LaPi
1743,Maria Belén
1744,Elenne
1745,JULIO
1746,Ira
1747,JULIO_2
1748,Quiero otro!
1749,xtravaganza
1750,julio
1751,Robb_84
1752,Yemel
1753,enma
1754,Eh
1755,Manuel Ángel
1756,Manuel Ángel_2
1757,Jose Mª
1758,ana_2
1759,liss
1760,Blanco
1761,Beatrice
1762,laia
1763,maria begoña
1764,Hilario
1765,MªJulia
1766,probando
1767,clara
1768,Coca
1769,Rosa_2
1770,Jesús David
1771,Cati
1772,Pedro Manuel
1773,SOL
1774,Camila
1775,Lourdes Maria
1776,Magdalena
1777,Xuxo
1778,Fanny
1779,Brenda
1780,vasile
1781,MONTSERRAT
1782,Maite
1783,fernando_3
1784,Alazne
1785,Anonimous
1786,josep
1787,Sex- tattoo_2
1788,laura_2
1789,barbara
1790,Blue Dragon_2
1791,fanny
1792,pececita
1793,Solo
1794,kansineitor
1795,Carlangas
1796,Igoryco
1797,Su
1798,only yo
1799,CARLA
1800,CARLA_2
1801,PABLO
1802,Amy
1803,Eva Maria
1804,mabel
1805,termal
1806,John
1807,MONICA
1808,silpreco
1809,Libertad
1810,FYY
1811,isidro
1812,Darwin
1813,Mavi
1814,Salva
1815,juani
1816,stanislav
1817,Abdon
1818,Iñigo
1819,DARWIN
1820,Paco
1821,Yaisa
1822,ROSA
1823,ADRIAN
1824,Álvaro_3
1825,Joel
1826,paco
1827,ISI
1828,Jose María
1829,MªJosé
1830,José Raúl
1831,Salvador_2
1832,María Victoria
1833,Guillem_2
1834,salvador_2
1835,juan antonio
1836,Andreu
1837,Fran_2
1838,Queer
1839,PaPeLiTo
1840,marco_2
1841,ARNAU
1842,FRANCISCO JOSÉ_2
1843,FRANCISCO JOSÉ_3
1844,Frank
1845,Lenwe
1846,alexandra
1847,Álvaro Manuel
1848,FRANCISCO JOSÉ_4
1849,AINOA
1850,JOSE MARIA
1851,JOSE MARIA_2
1852,Rocio_4
1853,Mª Angeles
1854,rodrigo_2
1855,ANTONIO_2
1856,JAUME
1857,mercè
1858,Mirella
1859,Mayte
1860,ines
1861,JACK_JONES
1862,JOSE IGNACIO
1863,jenny
1864,SU
1865,Naira
1866,JOSE JAVIER
1867,Mssexy
1868,Priscila
1869,anick
1870,secundino
1871,isidoro
1872,Lidia_2
1873,bruno
1874,MARIA JESUS
1875,Kyle
1876,pere
1877,Auryn
1878,Un cliente de Murcia
1879,papa pikiyo
1880,olatzen
1881,Anita
1882,penelopep
1883,Nazaret
1884,Itahisa
1885,Francisco-Javier
1886,Didak
1887,Igna
1888,Rys
1889,carlos alberto
1890,Francisco Manuel_2
1891,vikadi
1892,Noa_2
1893,vic
1894,Macho
1895,María Isabel
1896,Notelodigo
1897,Nat
1898,jeta y lara
1899,Lajos
1900,MAYKA
1901,Me
1902,jose felix
1903,Luca
1904,Nara
1905,Mac
1906,Pedro Pablo
1907,Mujer&Mujer
1908,Julio A.
1909,Hielo y Fuego_2
1910,Julio Alberto
1911,Pau_2
1912,Nexxter
1913,Marti
1914,Ana G.
1915,isabel de laFiguera
1916,Yedra Maria
1917,Lina
1918,jc_2
1919,Blas
1920,Nikko
1921,Oleh
1922,JUAN_2
1923,Urbano
1924,chema
1925,Amante69
1926,Ale_2
1927,Hiria_2
1928,sebastian
1929,Maikel
1930,Ander_2
1931,Vic
1932,Bernardino
1933,Susanna
1934,Jon
1935,cordobesa
1936,ESTER
1937,Pepito Pérez
1938,Darío
1939,Fabián
1940,Zoe
1941,Irantzu
1942,Kaisser
1943,Andy
1944,Arantxa
1945,Laquenun
1946,xabier
1947,Sextattoo
1948,cedric
1949,Francisco Miguel
1950,Gerard
1951,Martina
1952,titina
1953,Vicki
1954,E. Maria
1955,LAURA MARÍA_2
1956,JORDI
1957,libe_4
1958,Miren
1959,Santi_2
1960,Altius
1961,Imilce
1962,jorge patricio
1963,guadalupe
1964,Joan Pere
1965,Lea_2
1966,carpio
1967,Óscar
1968,Olguita
1969,baby
1970,Eder Luiz
1971,eduardo
1972,Olga
1973,Jessy
1974,albert
1975,CG11
1976,aroa
1977,Yasmina
1978,Edurne
1979,Virtudes
1980,Neu
1981,Karen E.
1982,Male
1983,Ali y Rod
1984,LauRau
1985,georgiana
1986,Vanny
1987,Joe
1988,Pareja feliz
1989,VIOLETA_2
1990,Soraya_2
1991,Vlad
1992,Francisca
1993,Angi
1994,Luis Alonso
1995,jyb
1996,Richard
1997,joaquin
1998,Ariana
1999,Eliane
2000,Geisha69
2001,Oscar y María
2002,juan diego
2003,mery
2004,mario
2005,jcgiraldez@gmail.com
2006,Mirita
2007,Tita
2008,nea
2009,Llum
2010,Tam
2011,Begoña_2
2012,josemo
2013,Mari
2014,Alma
2015,Mandy
2016,noelia_2
2017,adrian
2018,Tomasz
2019,cristian
2020,Amaya
