ID_USERS,USERS
0,Esther
1,José alberto
2,Daniel
3,Alberto
4,David
5,CESAR
6,lorena
7,Sergio
8,juan manuel
9,PILAR
10,Alberto_2
11,Irene
12,Lucas
13,antonio
14,Adrián
15,Paula
16,Silvia
17,Fleep
18,Miguel
19,Miguel_2
20,Steven
21,Sergi
22,Melania
23,javier
24,Miguel_3
25,Lucía
26,Miguel_4
27,Juan Manuel
28,Lili
29,Sergio_2
30,Adolfo
31,Ignacio
32,Ricardo
33,Irene_2
34,Marc
35,Sergio_3
36,José Mª
37,Cristian
38,ANTONIO
39,Alba
40,yolanda
41,Luis Fernando
42,Álvaro
43,Bisexmadrid
44,JESUS
45,Manuela
46,Manuel
47,Manuel_2
48,Jose Miguel
49,javier_2
50,NEREA
51,Sandra
52,Silvia_2
53,Marta
54,Yasmin
55,Tamara
56,Beatriz
57,Daniel_2
58,Sonia
59,Víctor
60,Juan
61,Melania_2
62,Esperanza
63,j.r.d.
64,Estela
65,Miguel Ángel
66,nuria
67,Judit
68,francisco
69,Cristina
70,Ana
71,Tomás
72,Raúl
73,Paula_2
74,Cliente
75,jose manuel
76,Cliente_2
77,Joan
78,Cliente_3
79,LAURA
80,Albert
81,Cristina_2
82,Luis
83,Luis_2
84,Silviu Stelian
85,Virginia
86,Miguel_5
87,María
88,manuel
89,Eloy
90,jordi
91,Cristina_3
92,Miguel_6
93,RITA
94,Carlos
95,Laura
96,David_2
97,Jose
98,Cristobal
99,Víctor_2
100,David_3
101,TOMAS
102,Sandra_2
103,Victor
104,Raquel
105,Irene_3
106,Hector
107,Francisco Javier
108,Javier
109,arancha
110,José
111,Luis_3
112,Eva
113,María_2
114,ANTONIO MIGUEL
115,Lulu
116,Carlos_2
117,Juan Carlos
118,Mario
119,Anna
120,María de los Ángeles
121,Roberto
122,Andreea Bianca
123,LAURA MARÍA
124,santiago
125,Ana_2
126,rafael
127,beatriz
128,Cristina_4
129,David_4
130,Tomas
131,Ivan
132,Lorena
133,JESÚS
134,José Gabriel
135,Carlos_3
136,BEATRIZ
137,ORIOL
138,Juan_2
139,Victoria
140,Julian
141,pkyra
142,Carlos_4
143,Luisa
144,Alba_2
145,SILVIA
146,Javier_2
147,Miguel_7
148,laura
149,Maxim
150,Enrique
151,paula
152,David_5
153,jesus
154,Alberto M
155,Juan_3
156,mariano
157,MIGUEL
158,respuesta de amantis para tomás
159,Tomas_2
160,Hector_2
161,Ángel
162,Diego
163,Mª Carmen
164,Francisco
165,Javi
166,Francisco_2
167,DOMINGO
168,Marc_2
169,Adrian
170,Carlos_5
171,camilo
172,ELENA
173,Marina
174,JAVIER
175,Jose Manuel
176,nena
177,Ismael
178,Novato
179,Roberto_2
180,ROBERTO
181,margarita
182,EyJ
183,Pol
184,Manolo
185,Alejandro
186,arancha_2
187,Rafael Alejandro
188,Pol_2
189,Carlos_6
190,Jorge
191,Angel Manuel
192,alba
193,David_6
194,Carolina
195,Mr
196,Javi_2
197,iria
198,irene
199,Rocio
200,Armando
201,Alonso
202,sushi
203,Irene_4
204,Jonathan
205,Alicia
206,maria jesus
207,libe
208,Veronica  y Sergio
209,Mónica
210,pablo
211,Anna_2
212,Oscar
213,Manuel_3
214,Marc_3
215,Antonio
216,Ramón
217,ruben
218,Rocio_2
219,Jesus
220,MariJose
221,angel
222,luis
223,Jonathan_2
224,MARINA
225,Alberto_3
226,Marina_2
227,carlos
228,Marco Antonio
229,Ivan_2
230,amantis
231,Andrea
232,Nosferatu
233,Alan
234,Lana
235,Ana Vanessa
236,ana maria
237,FCO JAVIER
238,Daria
239,esther
240,Yaiza
241,Carmen
242,Celia
243,Lucía_2
244,Yaiza_2
245,Jesús
246,Carla
247,Inés
248,Patricia
249,Ariana
250,rocio
251,Marts
252,Juanjo
253,Amaia
254,German
255,Iván
256,Amaia_2
257,Inés_2
258,Alejandro_2
259,Maria
260,Lucía_3
261,Jaime
262,BC
263,Jesús_2
264,Ander
265,Laura_2
266,Helena
267,Dani
268,DARWIN
269,Irati
270,esther_2
271,Rafa
272,Helena_2
273,Lidia
274,Paula_3
275,Carmen_2
276,Maria_2
277,Noelia
278,Hiria
279,Isabel
280,Sonia_2
281,Yago
282,Sonia_3
283,Oriol
284,Samara
285,Montse
286,Sonia_4
287,Lourdes
288,Leon
289,Francesca
290,CAROLINA
291,VICTOR
292,Roser
293,Rubén
294,Carla_2
295,eugenia
296,Claudia
297,esther_3
298,Anabel
299,Jose & María
300,VERONICA
301,Rocío
302,AMAYA
303,ALFONSO
304,Patricia_2
305,daniel
306,Rosa María
307,Neu
308,Elizabeth
309,Gregorio
310,Andrea_2
311,Jose Luis
312,Jose Luis_2
313,Laura_3
314,Iris
315,JUAN CARLOS
316,Ana_3
317,Damian
318,Laura_4
319,Iván_2
320,Jorge_2
321,Angeles
322,Sara
323,Jorge_3
324,Laura_5
325,florentina gabriela
326,marta
327,ANTONIO_2
328,antonio_2
329,RAQUEL
330,Raquel_2
331,elisa
332,Victoria_2
333,Juan Jose
334,miram
335,Felipe
336,conrado
337,Xinita
338,Laura_6
339,Jenny
340,Brenda
341,Tripi
342,Celia_2
343,Ruben
344,Saray
345,Santiago
346,Pedro
347,raul
348,Juan M
349,raul_2
350,María Laura
351,RUBEN
352,Patricia_3
353,saul
354,Vicente
355,Sandra_3
356,Alejandro_3
357,María_3
358,Maria_3
359,elisa_2
360,noelia
361,Estibaliz
362,Rubén_2
363,Maria del Mar
364,MARIA DEL ROSARIO
365,MARIA
366,Alejandro_4
367,ALY
368,bbbbb
369,ANA
370,Alfonso
371,Alfonso_2
372,Mª Dolores
373,Eloy_2
374,sergio
375,Laura_7
376,Brais
377,Alessia
378,Leonardo
379,ANGEL
380,Maria_4
381,Jorge_4
382,Gloria
383,Feliciano
384,María_4
385,Fernando
386,Darío
387,Fco. Javier
388,Sara_2
389,Noe
390,Leyre
391,Alejandro_5
392,monica
393,Marta_2
394,Jesus_2
395,Arantxa
396,Amalia
397,narita
398,Laura_8
399,Jorge_5
400,Alexandra
401,Maider
402,Nora
403,Carmen_3
404,Sonia_5
405,itha_
406,IVAN
407,Beatriz_2
408,Barbara
409,Ana_4
410,Evelin
411,Antonio_2
412,Elena
413,Isabel María
414,cristinaa
415,zara
416,adrian
417,Lara
418,Karla
419,Gema
420,juanma
421,Laura_9
422,ANFERZA
423,Sandra_4
424,Blanca
425,Natalia
426,Cristina_5
427,Burgui
428,pececita
429,Jesus_3
430,cristinaa_2
431,Sergio_4
432,Sergio_5
433,Tomasz
434,Lara_2
435,doll
436,gema
437,Belen
438,Marta_3
439,Laura_10
440,Esteban
441,Laura_11
442,Esteban_2
443,Isabel_2
444,Miren Itxaso
445,susana
446,Alejandro_6
447,Mª CARMEN
448,María_5
449,esther_4
450,Laura_12
451,Eva_2
452,Agustin
453,Veronica
454,Iria
455,Carolina_2
456,Solo
457,Raquel_3
458,Karen
459,Julieta
460,Lena
461,jose
462,Maria jesus
463,Anaïs
464,Juan Rafael
465,Carla_3
466,Gabriel
467,Mercedes
468,garbiñe
469,Maria jesus_2
470,Lucia
471,Pedro Luis
472,Loli
473,nerea
474,Juan Manuel_2
475,nerea_2
476,Nieves
477,Jordi
478,Álvaro Nogales
479,Ricardo_2
480,Mariola
481,Aitor
482,Laia
483,carmen
484,Susana
485,Juan José
486,juan antonio
487,Simone
488,Moge
489,cesar
490,Jonas
491,Miguel Angel
492,Martí
493,Narcís
494,Miriam
495,Miguel Angel_2
496,Miguel Angel_3
497,Julien
498,Jonatan
499,José Andres
500,SARA
501,África
502,TONI
503,Guillem
504,Miguel Angel_4
505,Jose carlos
506,MELTEM
507,benedetta
508,Yo
509,MANUEL
510,Pablo
511,andrea
512,Angel
513,Pablo_2
514,OSCAR LUIS
515,José Manuel
516,Gonzalo
517,Isidro
518,JOAN MARIA
519,Tatiana
520,jaime
521,Bea
522,Neusa
523,john
524,Camilo
525,Úrsula
526,MARCO ANTONIO
527,Bárbara
528,Álvaro_2
529,Eric
530,José Daniel
531,Dolores
532,Valentín
533,Valentín_2
534,Marcos
535,Josep Lluís
536,Judith
537,Jaume
538,Roberto Javier
539,Pili
540,José María
541,Arnau
542,Julián
543,Maria Elena
544,sara
545,Arnold
546,Jose Antonio
547,VIOLETA
548,José Ramón
549,miriam
550,Matteo
551,Ferran
552,Allyson
553,VERÓNICA
554,Elba
555,jimena
556,Tomabel
557,Aday
558,Javier_3
559,Michelle Angela
560,Jacobo
561,Jaume_2
562,jc
563,Maximiliano
564,Adrian_2
565,Francisco_3
566,Grillo
567,Christina
568,teresa
569,pedro
570,Nerea
571,Yenifer
572,Diego_2
573,vicente
574,Alvaro
575,Borja
576,hambar
577,Pedro M
578,Ainara
579,diana
580,Francisco José
581,Jennifer
582,Joana
583,Elisa
584,César
585,Almudena
586,Ángela
587,JESUS_2
588,Elisabet
589,Noemi
590,Roberto Javier_2
591,MeryelCordoba
592,Alexia
593,Leire
594,Mina
595,ricardo
596,Bárbara_2
597,Ángela_2
598,emilio
599,Adriana
600,Chris
601,Maria Catalina
602,adriana
603,Ingrid
604,ANGELA
605,Ignacio_2
606,Ignacio_3
607,Jose Antonio_2
608,frambuesa
609,Markin
610,Koldo
611,Pilar
612,Guillermo
613,Héctor
614,CARLOS
615,Leticia
616,Fernando_2
617,JOSE LUIS
618,Ivet
619,Mery
620,Llorenç
621,Ana Isabel
622,Ana Isabel_2
623,Eduardo
624,Rosana
625,Susana_2
626,gerardo
627,Soraya
628,C01
629,Ivet_2
630,jordi_2
631,fernando
632,isabel
633,Marco
634,Enrique_2
635,Gatita Celosa
636,Pana
637,Alejandra
638,Juan Luis
639,eva isabel
640,xx
641,CRISTINA
642,Angela
643,Rebeca
644,Andres
645,PEDRO
646,Antonio_3
647,Riina Maria
648,Encarna
649,thania
650,Ariadna
651,Erica
652,Adán
653,Antonio_4
654,Samira
655,Mª José
656,Enrique_3
657,Maria Pilar
658,Eduard
659,Antonio_5
660,Alice
661,Zuriñe
662,Capitán Pingüino
663,María Jesús
664,Antonio_6
665,antuan
666,Carlos L.
667,juan
668,frambuesa_2
669,Sebastian
670,Gabriela
671,Piscis
672,Albert_2
673,Albert_3
674,Moisés
675,Marcel
676,DAVID
677,Giulia
678,Marisa
679,
680,Carlos L._2
681,alberto
682,alberto_2
683,Raül
684,Eider
685,patricia
686,enrica
687,JORGE
688,mª isabel
689,Lorena_2
690,Abraham
691,patricia_2
692,Ana_5
693,frambuesa_3
694,Yeray
695,maria
696,Andrés
697,Guille
698,Raul
699,Raul_2
700,Amador
701,Jose_2
702,albert
703,Juan Pedro
704,Rakel
705,Jaime_2
706,Jaime_3
707,Jaime_4
708,Jaime_5
709,Jaime_6
710,María Teresa
711,Meri
712,Gaizka
713,Raul_3
714,Juan Francisco
715,Nerea_2
716,CARO
717,roberto
718,catalina
719,León
720,JOSÉ JUAN
721,Bruno
722,Vanessa
723,Hugo
724,angelica
725,Francesc
726,Francisco Manuel
727,Tonio
728,José luis
729,Mark
730,José Luis
731,BORJA
732,victor
733,Julio
734,Francisco Javier_2
735,Sergi_2
736,Luis Carlos
737,Ernesto
738,koromoto
739,alejandro
740,Alfredo
741,Erre
742,TOÑI
743,Monica
744,clara
745,Ayelen
746,MARIA JOSE
747,cristobal
748,reyes
749,Salvador
750,LARA
751,felix
752,Lazaru
753,nena269
754,nitshka
755,DANIEL
756,Magda
757,Germán
758,jose Mª
759,Caperucita Vir
760,LARA_2
761,Pedro_2
762,Maria Fe
763,RAFAEL
764,Pareja69
765,Itziar
766,PrimerJugete
767,eneko
768,Anita
769,PACO
770,Auryn
771,ZELINDA
772,maria b
773,Ana María
774,Betty
775,Isabel_3
776,chayan
777,Elisenda
778,ib
779,Orzowei
780,Chencho
781,Gali
782,Leila
783,jorge
784,MÒNICA
785,maiquel
786,Diana
787,EGS
788,Isabel_4
789,Pataliebres
790,Pedro_3
791,christian
792,Fco Javier
793,LARA_3
794,rodolfo69
795,aleug
796,mariscal
797,ignacio
798,León y Leona
799,Ramon
800,anita
801,JONATAN
802,ruben_2
803,Antonio Francisco
804,Xabier
805,Jose Maria
806,Daniela
807,ainho
808,Noelia_2
809,Angélica
810,Jon Ander
811,veronica
812,Ujjwal
813,Nicolás
814,Melissa
815,Rosa
816,Rossi
817,Noa
818,JULIA
819,Michael
820,Gabriel_2
821,Goyo
822,Jose Javier
823,Hecdali
824,Emma
825,Eugenio
826,Pere Lluis
827,Sybila
828,ILARIA
829,Elián
830,Barney
831,Aida
832,Eli
833,Vitalie
834,david
835,Vanesa
836,Javier_4
837,Lu
838,JOSE ANTONIO
839,Anne
840,Jazmin
841,vanesa
842,Ber
843,Eme
844,hector
845,juan jose
846,Inma
847,Álvaro Javier
848,Kenny
849,Sacha
850,marina
851,Carol
852,Ángel Manuel
853,Ainhoa Maria
854,Yvonne
855,marcos
856,Mar
857,Benigno
858,esteban
859,Eloisa
860,fivi
861,soraya
862,Jenifer
863,RODOLFO JORGE
864,Ginés
865,Theo
866,JOSE MARÍA
867,oscar
868,FRANCISCO
869,Miguel angel
870,Mikel
871,Jose_3
872,Felicio
873,Jose_4
874,Fer
875,JUAN MANUEL
876,Anselmo
877,DIEGO
878,DANIEL_2
879,Santiago_2
880,Alex
881,Robert
882,BELEN
883,ALONSO
884,Catherin
885,Rafael
886,Aina
887,Oihane
888,cristina
889,esther_5
890,Mireia
891,Jose David
892,MARIBEL
893,Ire
894,Pareja Feliz
895,Pareja Feliz_2
896,eduardo
897,Nuria
898,Maite
899,Jose David_2
900,ROCIO
901,ESTHER
902,Virginia_2
903,arancha_3
904,dafne
905,Iñaki
906,amaya
907,Cristóbal
908,Priscila
909,Xuxo
910,Maribel
911,Oscar_2
912,Joel
913,Oscar_3
914,Inmaculada
915,Adonai
916,Sven
917,mar
918,Rolando
919,sarita
920,Cris
921,Jesús_3
922,MIGUEL ANGEL
923,Francisco-Javier
924,Jose A.
925,yolanda_2
926,ALEXANDER
927,Ramón_2
928,Jesús_4
929,David Esteban
930,Robrto
931,Didak
932,Robrto_2
933,Rai
934,Miguel Á.
935,Anonimo
936,Niko
937,Zamyra
938,Sarah
939,Delia
940,costel gabriel
941,Marcos_2
942,Alexandru
943,jose miguel
944,Gabino
945,Pedro juan
946,Olaya
947,Nuria_2
948,DAVID_2
949,Rodolfo
950,Merche
951,Nuria_3
952,Francisco Jose
953,Clara
954,Monica_2
955,Melany
956,Pere
957,Luna
958,Ramón_3
959,Estefanía
960,amaia
961,ipfg
962,Xavier
963,Lilian
964,Pascual
965,Nuno
966,Raimundo
967,Aleix
968,jonathan
969,José Raúl
970,Salvador_2
971,Joseba
972,MARIA ELENA
973,Guillem_2
974,Maria Jose
975,Grillo_2
976,Christelle
977,Purificación
978,salvador
979,salvador_2
980,Andreu
981,Mister
982,JOSE RAMON
983,Sonia_6
984,Eva Maria
985,Sonia_7
986,Andreas
987,Fran
988,Fran_2
989,Luispt
990,jonatan
991,Lea
992,luis angel
993,Juan Carlos_2
994,Queer
995,Hielo y Fuego
996,Juanjose
997,Erato
998,PaPeLiTo
999,Sergii
1000,Sergii_2
1001,celia
1002,Enric
1003,Nestor
1004,Ainhoa
1005,marco
1006,Pablo_3
1007,Fatima
1008,Elena_2
1009,Paco
1010,Domingo
1011,Yaisa
1012,Mariola_2
1013,javier_3
1014,probando
1015,javier_4
1016,Juana
1017,NURIA
1018,Meri_2
1019,Jessica
1020,Sílvi
1021,eva
1022,vanessa
1023,Jonay
1024,Loreto
1025,Nagore
1026,Leo
1027,Jonatan_2
1028,Sebastián
1029,virgilio
1030,Miguel Ángel_2
1031,Pau
1032,Ricardo_3
1033,JOSE
1034,Francisco Javier_3
1035,Pareja de mujeres
1036,gloriva
1037,alfonso
1038,natalia
1039,Jesús Olmedo
1040,miguel angel
1041,Salomé
1042,Amanda
1043,Iulian Marius
1044,Yolanda Inmaculada
1045,Jacqueline
1046,Enma
1047,Humberto
1048,Joan Manel
1049,PABLO
1050,Masaje
1051,Juan Ignacio
1052,Josep
1053,rene
1054,Iker
1055,Cesar
1056,Lucien
1057,Arkaitz
1058,RA
1059,FERNANDO
1060,JA
1061,cristina_2
1062,Juan Carlos_3
1063,jose maria
1064,Super Dog
1065,julian ruiz
1066,Alv
1067,Juan Bautista
1068,Nicolas
1069,ismael
1070,Julia
1071,Sarai
1072,guadalupe
1073,barbara
1074,Joan Pere
1075,Antonio Jose
1076,Alexander
1077,Mimi
1078,Lea_2
1079,carpio
1080,Óscar
1081,Huberto
1082,ivan
1083,raul_3
1084,Olguita
1085,raul_4
1086,Manuek
1087,Ruoting
1088,Richard
1089,Bryan
1090,paulo
1091,José Antonio
1092,Bernat
1093,MªAngeles
1094,libertad
1095,Tristan
1096,Ester
1097,Joan Ramon
1098,Isaac
1099,laia
1100,maria begoña
1101,Eva María
1102,marisol
1103,Hilario
1104,MªJulia
1105,SOL
1106,rachel
1107,Sherezade
1108,Teresa
1109,Francisco Miguel
1110,Paloma
1111,Bernardo
1112,Anónimo
1113,tomas
1114,EMILIA
1115,raquel
1116,leticia
1117,John
1118,Sara_3
1119,Mirian
1120,María de Nieves
1121,Candela
1122,Joaquín
1123,Jim
1124,Jesús Armand
1125,Lorenzo
1126,Dante
1127,Inmita
1128,José Miguel
1129,Luis Antonio
1130,juan miguel
1131,Blue Dragon
1132,Lui alonso
1133,sabrina
1134,Giorgia
1135,Hel
1136,Marlyn
1137,ANDREU
1138,Samuel
1139,Libertad
1140,Olga
1141,Aroa
1142,Iulian
1143,Anónima
1144,Araceli
1145,PATRICIA
1146,Tamara\'s place
1147,vampiresa236
1148,blanca
1149,gigi
1150,Franco
1151,Frederic
1152,Alonso_2
1153,ERIC
1154,TOÑI_2
1155,Alma
1156,Marcello
1157,MIRIAM
1158,Jesus angel
1159,Cintia
1160,Vera
1161,IVET
1162,clemente
1163,Ane
1164,gemma
1165,Esther_2
1166,Juan Antonio
1167,Valerica
1168,Soraya_2
1169,José Mª_2
1170,PYLY
1171,pilar
1172,ANISOARA
1173,Vanesa_2
1174,ESTER
1175,Naomi
1176,Fanny
1177,Vicky
1178,Estefania
1179,EDUARDO
1180,Elena Maria
1181,Dacil
1182,ines
1183,Rosanna
1184,OLGA
1185,María Angeles
1186,Gemma
1187,Elen
1188,Mª Isabel
1189,Johan
1190,Juan Maria
1191,Liliana
1192,Lydia
1193,Belén
1194,unai
1195,Adita
1196,sofia
1197,Roger
1198,Arancha
1199,John Steven
1200,Luci
1201,M. Cristina
1202,MAria
1203,Juan Ramón
1204,Jose Enrique
1205,Ginny
1206,Ignasi
1207,leo
1208,Karen_2
1209,Axel
1210,Fauno
1211,marc
1212,Oli
1213,MARIO
1214,Jose Ramon
1215,Aaron
1216,Llorenç_2
1217,miguel
1218,Hugo_2
1219,bea
1220,katt
1221,isa
1222,Mª Teresa
1223,Gusanano
1224,R y N
1225,Roman
1226,Ioan
1227,Nacho
1228,Javiet
1229,Alessandro
1230,Merce
1231,Reyes
1232,javi
1233,SANDRA
